{
  "model": "llada",
  "mock": false,
  "num_samples": 20,
  "target_length": 64,
  "dataset": "json-mode-eval",
  "vocab_size": 126080,
  "summary": {
    "Baseline": {
      "ttft_ms": 10984.687597863376,
      "throughput_tok_s": 5.826292229962789,
      "nfe_avg": 64.0,
      "nfe_min": 64,
      "nfe_max": 64,
      "rounds_avg": null,
      "parse_rate": 100.0,
      "n_samples": 20
    },
    "Ablation1": {
      "ttft_ms": 7613.775506056845,
      "throughput_tok_s": 8.40581652940611,
      "nfe_avg": 64.0,
      "nfe_min": 64,
      "nfe_max": 64,
      "rounds_avg": null,
      "parse_rate": 100.0,
      "n_samples": 20
    },
    "Ablation2": {
      "ttft_ms": 8135.759073030204,
      "throughput_tok_s": 7.866506299597548,
      "nfe_avg": 64.0,
      "nfe_min": 64,
      "nfe_max": 64,
      "rounds_avg": null,
      "parse_rate": 100.0,
      "n_samples": 20
    },
    "Ablation3": {
      "ttft_ms": 2110.0480552762747,
      "throughput_tok_s": 30.33106276417022,
      "nfe_avg": 8.0,
      "nfe_min": 8,
      "nfe_max": 8,
      "rounds_avg": 4.0,
      "parse_rate": 100.0,
      "n_samples": 20
    },
    "SDSD": {
      "ttft_ms": 2673.2528790831566,
      "throughput_tok_s": 23.94087012896065,
      "nfe_avg": 8.0,
      "nfe_min": 8,
      "nfe_max": 8,
      "rounds_avg": 4.0,
      "parse_rate": 100.0,
      "n_samples": 20
    }
  },
  "nfe_per_sample": {
    "Ablation3": [
      8,
      8,
      8,
      8,
      8,
      8,
      8,
      8,
      8,
      8,
      8,
      8,
      8,
      8,
      8,
      8,
      8,
      8,
      8,
      8
    ],
    "SDSD": [
      8,
      8,
      8,
      8,
      8,
      8,
      8,
      8,
      8,
      8,
      8,
      8,
      8,
      8,
      8,
      8,
      8,
      8,
      8,
      8
    ]
  },
  "intent_recovery_avg_steps": 36.2
}